{"cameraMode":{"drawMode":0,"name":"Shaded","section":"Shading Mode"},"sceneLighting":false,"audioPlay":false,"sceneViewState":{"m_AlwaysRefresh":false,"showFog":true,"showSkybox":false,"showFlares":true,"showImageEffects":true,"showParticleSystems":true,"showVisualEffectGraphs":true,"m_FxEnabled":true},"in2DMode":false,"pivot":{"x":-2.4000000953674318,"y":-11.799999237060547,"z":-7.199999809265137},"rotation":{"x":0.3218318521976471,"y":0.004972708411514759,"z":-0.0020933954510837795,"w":0.9469937086105347},"size":15.68896770477295,"orthographic":false}