{"cameraMode":{"drawMode":0,"name":"Shaded","section":"Shading Mode"},"sceneLighting":false,"audioPlay":false,"sceneViewState":{"m_AlwaysRefresh":false,"showFog":true,"showSkybox":false,"showFlares":true,"showImageEffects":true,"showParticleSystems":true,"showVisualEffectGraphs":true,"m_FxEnabled":true},"in2DMode":false,"pivot":{"x":-5.905439376831055,"y":4.290610313415527,"z":0.026955246925354005},"rotation":{"x":0.1754426658153534,"y":-0.023030472919344903,"z":0.004124470986425877,"w":0.9842376112937927},"size":0.8394129276275635,"orthographic":false}