{"cameraMode":{"drawMode":0,"name":"Shaded","section":"Shading Mode"},"sceneLighting":false,"audioPlay":false,"sceneViewState":{"m_AlwaysRefresh":false,"showFog":true,"showSkybox":false,"showFlares":true,"showImageEffects":true,"showParticleSystems":true,"showVisualEffectGraphs":true,"m_FxEnabled":true},"in2DMode":false,"pivot":{"x":-0.02813136577606201,"y":-2.352185010910034,"z":-0.17557692527770997},"rotation":{"x":0.1754426658153534,"y":-0.023030472919344903,"z":0.004124470986425877,"w":0.9842376112937927},"size":0.9263668656349182,"orthographic":false}